code,name_he,name_en,lat,lon,source,retrieved_at
70,אשדוד,Ashdod,31.800000,34.650000,SAMPLE: hand-entered approximate city centre (about 1 km); not the CBS table; tests and dry run only,2026-10-08
874,מגדל העמק,Migdal HaEmek,32.680000,35.240000,SAMPLE: hand-entered approximate city centre (about 1 km); not the CBS table; tests and dry run only,2026-10-08
1139,כרמיאל,Karmiel,32.920000,35.300000,SAMPLE: hand-entered approximate city centre (about 1 km); not the CBS table; tests and dry run only,2026-10-08
1200,מודיעין-מכבים-רעות,Modi'in-Maccabim-Re'ut,31.900000,35.010000,SAMPLE: hand-entered approximate city centre (about 1 km); not the CBS table; tests and dry run only,2026-10-08
2600,אילת,Eilat,29.560000,34.950000,SAMPLE: hand-entered approximate city centre (about 1 km); not the CBS table; tests and dry run only,2026-10-08
2610,בית שמש,Beit Shemesh,31.750000,34.990000,SAMPLE: hand-entered approximate city centre (about 1 km); not the CBS table; tests and dry run only,2026-10-08
3000,ירושלים,Jerusalem,31.780000,35.220000,SAMPLE: hand-entered approximate city centre (about 1 km); not the CBS table; tests and dry run only,2026-10-08
4000,חיפה,Haifa,32.790000,34.990000,SAMPLE: hand-entered approximate city centre (about 1 km); not the CBS table; tests and dry run only,2026-10-08
5000,תל אביב -יפו,Tel Aviv-Yafo,32.080000,34.780000,SAMPLE: hand-entered approximate city centre (about 1 km); not the CBS table; tests and dry run only,2026-10-08
6100,בני ברק,Bnei Brak,32.080000,34.830000,SAMPLE: hand-entered approximate city centre (about 1 km); not the CBS table; tests and dry run only,2026-10-08
6200,בת ים,Bat Yam,32.020000,34.750000,SAMPLE: hand-entered approximate city centre (about 1 km); not the CBS table; tests and dry run only,2026-10-08
6300,גבעתיים,Givatayim,32.070000,34.810000,SAMPLE: hand-entered approximate city centre (about 1 km); not the CBS table; tests and dry run only,2026-10-08
6400,הרצליה,Herzliya,32.170000,34.840000,SAMPLE: hand-entered approximate city centre (about 1 km); not the CBS table; tests and dry run only,2026-10-08
6500,חדרה,Hadera,32.440000,34.920000,SAMPLE: hand-entered approximate city centre (about 1 km); not the CBS table; tests and dry run only,2026-10-08
6600,חולון,Holon,32.010000,34.770000,SAMPLE: hand-entered approximate city centre (about 1 km); not the CBS table; tests and dry run only,2026-10-08
6900,כפר סבא,Kfar Saba,32.180000,34.910000,SAMPLE: hand-entered approximate city centre (about 1 km); not the CBS table; tests and dry run only,2026-10-08
7100,אשקלון,Ashkelon,31.670000,34.570000,SAMPLE: hand-entered approximate city centre (about 1 km); not the CBS table; tests and dry run only,2026-10-08
7400,נתניה,Netanya,32.330000,34.860000,SAMPLE: hand-entered approximate city centre (about 1 km); not the CBS table; tests and dry run only,2026-10-08
7700,עפולה,Afula,32.610000,35.290000,SAMPLE: hand-entered approximate city centre (about 1 km); not the CBS table; tests and dry run only,2026-10-08
7900,פתח תקווה,Petah Tikva,32.090000,34.890000,SAMPLE: hand-entered approximate city centre (about 1 km); not the CBS table; tests and dry run only,2026-10-08
8300,ראשון לציון,Rishon LeZion,31.970000,34.800000,SAMPLE: hand-entered approximate city centre (about 1 km); not the CBS table; tests and dry run only,2026-10-08
8400,רחובות,Rehovot,31.890000,34.810000,SAMPLE: hand-entered approximate city centre (about 1 km); not the CBS table; tests and dry run only,2026-10-08
8500,רמלה,Ramla,31.930000,34.870000,SAMPLE: hand-entered approximate city centre (about 1 km); not the CBS table; tests and dry run only,2026-10-08
8600,רמת גן,Ramat Gan,32.070000,34.820000,SAMPLE: hand-entered approximate city centre (about 1 km); not the CBS table; tests and dry run only,2026-10-08
8700,רעננה,Ra'anana,32.180000,34.870000,SAMPLE: hand-entered approximate city centre (about 1 km); not the CBS table; tests and dry run only,2026-10-08
9000,באר שבע,Beer Sheva,31.250000,34.790000,SAMPLE: hand-entered approximate city centre (about 1 km); not the CBS table; tests and dry run only,2026-10-08
9700,הוד השרון,Hod HaSharon,32.150000,34.890000,SAMPLE: hand-entered approximate city centre (about 1 km); not the CBS table; tests and dry run only,2026-10-08
