chain_id,store_code,lat,lon,precision,source,query_hash,geocoded_at
7290027600007,101,32.143076,34.889647,street,nominatim,b69fc3f87d4d7c72,2026-10-08T18:30:03Z
7290027600007,102,32.303699,34.905585,street,nominatim,2332a4b3f153d470,2026-10-08T18:30:03Z
7290027600007,103,31.998812,34.946891,address,nominatim,465548f45d7e482c,2026-10-08T18:30:03Z
7290027600007,104,32.081796,34.883509,street,nominatim,9cb6df6514b4ea5b,2026-10-08T18:30:03Z
7290027600007,105,32.080313,34.902034,street,nominatim,f984d1dcbbbd7db0,2026-10-08T18:30:03Z
7290027600007,106,31.921894,34.793122,street,nominatim,8115d1e44c9097f1,2026-10-08T18:30:03Z
7290027600007,110,31.227904,34.822169,street,nominatim,d97a877f342ac6e8,2026-10-08T18:30:03Z
7290027600007,112,32.848991,35.083601,street,nominatim,b9eaeeed07957efd,2026-10-08T18:30:03Z
7290027600007,113,31.975727,34.785628,street,nominatim,c845f946c45cc57d,2026-10-08T18:30:03Z
7290027600007,114,31.731908,35.187809,street,nominatim,720b6c5f07dc0713,2026-10-08T18:30:03Z
7290027600007,116,32.078886,34.809834,address,nominatim,24970dad3f7e90db,2026-10-08T18:30:03Z
7290027600007,12,32.082924,34.826270,address,nominatim,089ee96b8476b2c3,2026-10-08T18:30:03Z
7290027600007,121,33.001898,35.097376,street,nominatim,21df638fda7d80b1,2026-10-08T18:30:03Z
7290027600007,123,32.011631,34.780027,street,nominatim,43dc096311156ae6,2026-10-08T18:30:03Z
7290027600007,124,32.012373,34.748748,street,nominatim,8f12369378f2b23b,2026-10-08T18:30:03Z
7290027600007,128,32.783585,34.960959,address,nominatim,36330111534582be,2026-10-08T18:30:03Z
7290027600007,13,31.754883,34.987099,street,nominatim,458a3a6459ed494d,2026-10-08T18:30:03Z
7290027600007,130,32.306533,34.872083,street,nominatim,a3b61d6d7bed193f,2026-10-08T18:30:03Z
7290027600007,131,32.169010,34.901078,street,nominatim,821da9925aa2fdc4,2026-10-08T18:30:03Z
7290027600007,139,32.957796,35.497931,address,nominatim,7d6825d01ba98a91,2026-10-08T18:30:03Z
7290027600007,14,31.677286,34.576002,street,nominatim,c0d64c1e8baec71b,2026-10-08T18:30:03Z
7290027600007,141,32.647677,35.095977,street,nominatim,020b4903582eb1a8,2026-10-08T18:30:03Z
7290027600007,142,32.571149,34.954034,street,nominatim,44153a17254902ff,2026-10-08T18:30:03Z
7290027600007,144,32.192092,34.893395,address,nominatim,abcd9af402bacaaf,2026-10-08T18:30:03Z
7290027600007,145,31.418341,34.595622,street,nominatim,d02248262945f806,2026-10-08T18:30:03Z
7290027600007,148,31.902033,34.818936,address,nominatim,ad1184b235c3d361,2026-10-08T18:30:03Z
7290027600007,15,32.081796,34.883509,street,nominatim,bd333e8d5954945d,2026-10-08T18:30:03Z
7290027600007,153,31.317683,34.626756,street,nominatim,f1f93a8577882f54,2026-10-08T18:30:03Z
7290027600007,159,32.805761,34.963932,street,nominatim,b78bc664e5264481,2026-10-08T18:30:03Z
7290027600007,161,31.819277,34.667769,street,nominatim,1e18932e3e05a100,2026-10-08T18:30:03Z
7290027600007,169,31.230458,34.769360,street,nominatim,4f80d421f73fd585,2026-10-08T18:30:03Z
7290027600007,17,32.784546,34.987122,address,nominatim,86a5fd37216fe692,2026-10-08T18:30:03Z
7290027600007,171,32.172056,34.904390,street,nominatim,1bbe869c90e9e838,2026-10-08T18:30:03Z
7290027600007,172,31.949791,34.842226,street,nominatim,8717bdaba327a7df,2026-10-08T18:30:03Z
7290027600007,173,32.322174,34.935963,street,nominatim,d372b806b51aad6e,2026-10-08T18:30:03Z
7290027600007,174,31.254453,35.197492,street,nominatim,bf4207d10ebd30b4,2026-10-08T18:30:03Z
7290027600007,177,30.612503,34.803422,street,nominatim,ff1d436e160c65ee,2026-10-08T18:30:03Z
7290027600007,178,32.100248,34.894479,street,nominatim,7ca4c853c8ad03a2,2026-10-08T18:30:03Z
7290027600007,180,32.841113,35.077474,street,nominatim,a7a04ec0f1eb1698,2026-10-08T18:30:03Z
7290027600007,181,31.664838,34.584269,street,nominatim,613c0b78c1c0e84d,2026-10-08T18:30:03Z
7290027600007,182,31.081470,35.030142,street,nominatim,734aac9001afd55e,2026-10-08T18:30:03Z
7290027600007,184,31.962669,34.800055,street,nominatim,760d0b5d9bc24ace,2026-10-08T18:30:03Z
7290027600007,186,32.809345,34.983646,street,nominatim,33fa4e23fdf3ef77,2026-10-08T18:30:03Z
7290027600007,195,32.825021,35.079888,street,nominatim,c217e4b9d23a3288,2026-10-08T18:30:03Z
7290027600007,198,32.317499,34.871942,street,nominatim,8f61add9f37df9b2,2026-10-08T18:30:03Z
7290027600007,199,32.012726,34.742136,street,nominatim,2ec7d24a73bb2311,2026-10-08T18:30:03Z
7290027600007,2,31.776576,35.219777,street,nominatim,92437e6a1581f275,2026-10-08T18:30:03Z
7290027600007,20,31.899480,34.809995,address,nominatim,dff7b2a6a1176ccc,2026-10-08T18:30:03Z
7290027600007,201,32.277403,34.840648,street,nominatim,4f39b7f48989672f,2026-10-08T18:30:03Z
7290027600007,205,32.025823,34.898832,street,nominatim,bd8b90a251ec1c4f,2026-10-08T18:30:03Z
7290027600007,207,32.025881,34.856289,street,nominatim,5a661d45b226b626,2026-10-08T18:30:03Z
7290027600007,208,29.561899,34.946304,street,nominatim,ef2eca9b12e91028,2026-10-08T18:30:03Z
7290027600007,209,31.687389,34.579064,address,nominatim,dda5214e1bf50e65,2026-10-08T18:30:03Z
7290027600007,21,31.800847,35.227956,address,nominatim,29be0e1ed4cf5d46,2026-10-08T18:30:03Z
7290027600007,210,31.976319,34.812465,address,nominatim,e5a8095a803cf431,2026-10-08T18:30:03Z
7290027600007,212,32.795175,34.998067,street,nominatim,cb8e82de40b85599,2026-10-08T18:30:03Z
7290027600007,214,31.607931,34.757204,street,nominatim,5d21ceb5c26083a6,2026-10-08T18:30:03Z
7290027600007,215,32.497728,35.497337,street,nominatim,12aabcaaa48ca2dd,2026-10-08T18:30:03Z
7290027600007,216,32.164662,34.904196,street,nominatim,e7d7ad7b8d882da4,2026-10-08T18:30:03Z
7290027600007,218,32.623560,35.317560,street,nominatim,bbf84d28131ca0e5,2026-10-08T18:30:03Z
7290027600007,219,32.081522,34.844387,street,nominatim,0ef2674d4c7c705c,2026-10-08T18:30:03Z
7290027600007,22,32.327386,34.855316,address,nominatim,0746aca15974ab31,2026-10-08T18:30:03Z
7290027600007,222,31.278492,34.799077,street,nominatim,98188cab4eb39d9d,2026-10-08T18:30:03Z
7290027600007,224,31.979377,34.760912,address,nominatim,3ad6b4fa4246a551,2026-10-08T18:30:03Z
7290027600007,226,32.904784,35.281748,address,nominatim,4aa60ad6a9598730,2026-10-08T18:30:03Z
7290027600007,227,32.806636,35.074020,street,nominatim,adf52570ed2d1071,2026-10-08T18:30:03Z
7290027600007,228,32.517341,34.940741,street,nominatim,4fe9af8cb10b2789,2026-10-08T18:30:03Z
7290027600007,230,32.175549,34.907151,street,nominatim,ae4169294a472674,2026-10-08T18:30:03Z
7290027600007,231,32.194427,34.850307,address,nominatim,e73f6f4c20b99d5f,2026-10-08T18:30:03Z
7290027600007,233,31.230822,34.819033,street,nominatim,a5466534ae11c4c1,2026-10-08T18:30:03Z
7290027600007,234,31.731679,34.993684,street,nominatim,4eec3415b7f805b8,2026-10-08T18:30:03Z
7290027600007,236,29.571801,34.959583,street,nominatim,9d1b54867f97e0e2,2026-10-08T18:30:03Z
7290027600007,24,31.778405,34.651067,street,nominatim,27204c472bf8458d,2026-10-08T18:30:03Z
7290027600007,247,31.999183,34.771595,street,nominatim,d07070247880414f,2026-10-08T18:30:03Z
7290027600007,248,31.268185,34.759877,street,nominatim,741e1859a711ebda,2026-10-08T18:30:03Z
7290027600007,249,32.280749,34.860719,address,nominatim,e748291846e43c4a,2026-10-08T18:30:03Z
7290027600007,251,32.609945,35.294567,street,nominatim,14902a3ab0a573bd,2026-10-08T18:30:03Z
7290027600007,256,31.921894,34.793122,street,nominatim,3f3c736d8fc67b8d,2026-10-08T18:30:03Z
7290027600007,26,32.076988,34.812611,street,nominatim,3f6152166b86cac3,2026-10-08T18:30:03Z
7290027600007,260,31.750763,35.209037,address,nominatim,f7b90b9cc878e365,2026-10-08T18:30:03Z
7290027600007,265,32.020136,34.768085,address,nominatim,7d71e6e2e48e48b9,2026-10-08T18:30:03Z
7290027600007,267,32.986544,35.704815,street,nominatim,f84b3822c300b787,2026-10-08T18:30:03Z
7290027600007,269,32.101041,34.895807,address,nominatim,a96620141dffc877,2026-10-08T18:30:03Z
7290027600007,27,32.182593,34.865522,street,nominatim,780eb2be4ce35e34,2026-10-08T18:30:03Z
7290027600007,271,31.879941,34.812325,address,nominatim,327eae4109fda027,2026-10-08T18:30:03Z
7290027600007,272,32.072293,34.808635,street,nominatim,6ce1a38c78342f1f,2026-10-08T18:30:03Z
7290027600007,277,32.171812,34.840506,street,nominatim,2499597cb8b072c9,2026-10-08T18:30:03Z
7290027600007,278,32.074261,34.869910,address,nominatim,36f0d85aba9aed4f,2026-10-08T18:30:03Z
7290027600007,284,32.249100,34.917086,street,nominatim,4f355ad265c09356,2026-10-08T18:30:03Z
7290027600007,285,32.091041,34.893280,address,nominatim,a341cf535f06e46e,2026-10-08T18:30:03Z
7290027600007,287,32.061510,34.806351,street,nominatim,a97d2b030ca40ee1,2026-10-08T18:30:03Z
7290027600007,290,32.086997,34.861155,street,nominatim,c269428885f9ae78,2026-10-08T18:30:03Z
7290027600007,295,32.078549,34.840415,address,nominatim,3c1910631478972f,2026-10-08T18:30:03Z
7290027600007,296,32.085332,34.894636,street,nominatim,eed38f1eccf47255,2026-10-08T18:30:03Z
7290027600007,297,32.441688,34.932772,street,nominatim,18e0d1b38db929d0,2026-10-08T18:30:03Z
7290027600007,299,32.158966,34.907727,street,nominatim,9a9547c024fc3634,2026-10-08T18:30:03Z
7290027600007,3,32.078599,34.815394,address,nominatim,d138e8ff08c0eade,2026-10-08T18:30:03Z
7290027600007,30,32.056079,34.849354,street,nominatim,e4155e2c8668aea7,2026-10-08T18:30:03Z
7290027600007,302,32.802180,34.983078,address,nominatim,caa1df87558fcc20,2026-10-08T18:30:03Z
7290027600007,308,32.812953,35.113243,street,nominatim,88b9024ee5fa0d0e,2026-10-08T18:30:03Z
7290027600007,311,31.903182,34.812227,street,nominatim,d5742a957334a3cc,2026-10-08T18:30:03Z
7290027600007,312,32.824560,34.982901,street,nominatim,7bd9364d8f2fa4db,2026-10-08T18:30:03Z
7290027600007,314,32.819969,34.961515,street,nominatim,af9c979599678445,2026-10-08T18:30:03Z
7290027600007,317,32.514403,35.000758,street,nominatim:city-from-text,5a79a6d9f9be3788,2026-10-08T18:30:03Z
7290027600007,318,32.036516,34.762638,street,nominatim,597341fad4e0c81b,2026-10-08T18:30:03Z
7290027600007,32,32.062444,34.828474,street,nominatim,8334ce6e59125f93,2026-10-08T18:30:03Z
7290027600007,320,31.771843,34.637177,street,nominatim,f27de6596723fd78,2026-10-08T18:30:03Z
7290027600007,325,31.935812,34.797631,street,nominatim,591129ccb9fbff56,2026-10-08T18:30:03Z
7290027600007,33,32.819886,34.974342,address,nominatim,07b33fe294ed0bf2,2026-10-08T18:30:03Z
7290027600007,334,32.079588,34.884842,street,nominatim,0260b1794184c9a0,2026-10-08T18:30:03Z
7290027600007,335,32.173392,34.903814,street,nominatim,300bd73c324cc46b,2026-10-08T18:30:03Z
7290027600007,339,32.788362,35.537557,street,nominatim,b4013470a661ecd0,2026-10-08T18:30:03Z
7290027600007,34,32.145052,34.838302,street,nominatim,a949b82c6670b4c4,2026-10-08T18:30:03Z
7290027600007,341,32.084177,34.819129,address,nominatim,97df69ae3bdbf050,2026-10-08T18:30:03Z
7290027600007,342,32.907778,35.293949,address,nominatim,86515fefebd0abd1,2026-10-08T18:30:03Z
7290027600007,347,31.808274,34.782200,street,nominatim,d36ef8963a2e3ea9,2026-10-08T18:30:03Z
7290027600007,348,32.079588,34.884842,street,nominatim,a2341ae88273f1a9,2026-10-08T18:30:03Z
7290027600007,353,32.792945,34.987354,street,nominatim,d1d20655457652a9,2026-10-08T18:30:03Z
7290027600007,359,32.789531,35.007184,address,nominatim,03723ee9f9990a70,2026-10-08T18:30:03Z
7290027600007,36,32.174372,34.908259,street,nominatim,2c8e37212a9ca41a,2026-10-08T18:30:03Z
7290027600007,360,31.958619,34.808589,address,nominatim,a6d8bf771bd606bc,2026-10-08T18:30:03Z
7290027600007,362,31.773359,35.220054,address,nominatim,64910aa95dd587f4,2026-10-08T18:30:03Z
7290027600007,364,31.766191,35.177872,street,nominatim,86a0bab2a346fddc,2026-10-08T18:30:03Z
7290027600007,371,31.958936,34.799334,address,nominatim,bed8b3662a39ad04,2026-10-08T18:30:03Z
7290027600007,372,32.018411,34.751140,address,nominatim,bc0009d7737339af,2026-10-08T18:30:03Z
7290027600007,373,32.035541,34.859446,address,nominatim,e32851cae63eae6f,2026-10-08T18:30:03Z
7290027600007,374,32.162401,34.847510,street,nominatim,0c8fbd4d1c143f7a,2026-10-08T18:30:03Z
7290027600007,375,32.183012,34.919847,street,nominatim,b522de8c4fa9ec02,2026-10-08T18:30:03Z
7290027600007,376,32.181425,34.863438,street,nominatim,0ca8894901baa2a5,2026-10-08T18:30:03Z
7290027600007,379,32.075510,34.803708,address,nominatim,0b2dfda0b2183226,2026-10-08T18:30:03Z
7290027600007,38,32.768660,35.003620,address,nominatim,f88a0617e510f01e,2026-10-08T18:30:03Z
7290027600007,382,32.080103,34.875414,address,nominatim,a0f27df743004228,2026-10-08T18:30:03Z
7290027600007,384,32.823463,35.082292,address,nominatim,e49ba9c5f48d62b6,2026-10-08T18:30:03Z
7290027600007,388,32.767320,35.013145,street,nominatim,7d5585f77f466590,2026-10-08T18:30:03Z
7290027600007,390,32.101198,34.882038,street,nominatim,45c1c5793c436562,2026-10-08T18:30:03Z
7290027600007,394,32.183012,34.919847,street,nominatim,56fe5a226a693e0b,2026-10-08T18:30:03Z
7290027600007,396,32.317499,34.871942,street,nominatim,831a2d01469b4157,2026-10-08T18:30:03Z
7290027600007,397,32.614074,35.306719,street,nominatim,8609973daad0b86d,2026-10-08T18:30:03Z
7290027600007,398,31.649487,34.561527,street,nominatim,3144c32dba9246b7,2026-10-08T18:30:03Z
7290027600007,400,32.089956,34.949032,street,nominatim,f9972cdf30f9667c,2026-10-08T18:30:03Z
7290027600007,43,32.156121,34.892331,address,nominatim,75ccb7150180e1fb,2026-10-08T18:30:03Z
7290027600007,437,29.554281,34.966070,address,nominatim,b9a2de4ede94a6db,2026-10-08T18:30:03Z
7290027600007,448,31.791913,35.204663,address,nominatim,1bd4af482e1311ee,2026-10-08T18:30:03Z
7290027600007,45,31.754799,35.214487,street,nominatim,afb59e1ff40398ee,2026-10-08T18:30:03Z
7290027600007,476,32.168140,34.904683,street,nominatim,30c580a95d104874,2026-10-08T18:30:03Z
7290027600007,478,31.804595,34.786623,street,nominatim,04be6172fb4fc820,2026-10-08T18:30:03Z
7290027600007,479,32.181177,34.873580,street,nominatim,96f1f91da92b8290,2026-10-08T18:30:03Z
7290027600007,482,31.931505,34.850795,address,nominatim,c394e2b21454ee7a,2026-10-08T18:30:03Z
7290027600007,485,31.806488,34.643714,street,nominatim,4d45443e0c784ce1,2026-10-08T18:30:03Z
7290027600007,49,31.274286,34.809614,street,nominatim,2d00c45dbfacfe47,2026-10-08T18:30:03Z
7290027600007,496,31.787849,35.186652,address,nominatim,09330557b02a0895,2026-10-08T18:30:03Z
7290027600007,507,31.867761,34.729350,street,nominatim,0c746d813569951b,2026-10-08T18:30:03Z
7290027600007,51,32.150706,34.845376,street,nominatim,475b90c0dd5530ea,2026-10-08T18:30:03Z
7290027600007,57,32.146959,34.845381,street,nominatim,0ecf86029b376dae,2026-10-08T18:30:03Z
7290027600007,579,32.045754,34.879403,street,nominatim,d6cac37a36137f4d,2026-10-08T18:30:03Z
7290027600007,595,32.336839,35.012856,street,nominatim,66fa6aee6082aabe,2026-10-08T18:30:03Z
7290027600007,599,32.059918,34.811696,street,nominatim,4e3968556d34acd0,2026-10-08T18:30:03Z
7290027600007,606,31.714267,34.988960,street,nominatim,b3dee6272b8c5176,2026-10-08T18:30:03Z
7290027600007,608,31.790453,35.191567,street,nominatim,7aeecfea8220ff1a,2026-10-08T18:30:03Z
7290027600007,609,32.051882,34.953536,street,nominatim,e9e42411bc8272b8,2026-10-08T18:30:03Z
7290027600007,610,31.811840,35.217176,address,nominatim,7dab9ada31ed396b,2026-10-08T18:30:03Z
7290027600007,613,33.004863,35.101043,address,nominatim,6871b324c1f74d83,2026-10-08T18:30:03Z
7290027600007,618,31.964133,34.804130,street,nominatim,ba438ee4ff894b33,2026-10-08T18:30:03Z
7290027600007,62,32.753825,35.102938,address,nominatim,37c653dc0d0b0c83,2026-10-08T18:30:03Z
7290027600007,623,32.030613,34.878056,address,nominatim,d39eddece755633b,2026-10-08T18:30:03Z
7290027600007,631,32.036516,34.762638,street,nominatim,597341fad4e0c81b,2026-10-08T18:30:03Z
7290027600007,634,32.015265,34.756096,address,nominatim,b776ed999d662a7f,2026-10-08T18:30:03Z
7290027600007,638,32.355727,34.907208,street,nominatim,5842ab1620a909e2,2026-10-08T18:30:03Z
7290027600007,641,32.066966,34.808270,address,nominatim,44369bd84aa54b59,2026-10-08T18:30:03Z
7290058140886,35,31.669994,34.545560,locality,cbs-name-match,,2026-10-08T18:30:03Z
7290803800003,12,31.927500,34.862500,locality,cbs-name-match,,2026-10-08T18:30:03Z
7290803800003,16,31.788611,34.705278,locality,cbs-name-match,,2026-10-08T18:30:03Z
7290803800003,22,32.450000,34.916667,locality,cbs-name-match,,2026-10-08T18:30:03Z
7290803800003,23,32.775458,35.542011,locality,cbs-name-match,,2026-10-08T18:30:03Z
7290803800003,24,32.185783,34.907683,locality,cbs-name-match,,2026-10-08T18:30:03Z
7290803800003,25,31.933333,34.800000,locality,cbs-name-match,,2026-10-08T18:30:03Z
7290803800003,26,32.146111,34.839444,locality,cbs-name-match,,2026-10-08T18:30:03Z
7290803800003,29,32.023056,34.750278,locality,cbs-name-match,,2026-10-08T18:30:03Z
7290803800003,30,32.328611,34.856667,locality,cbs-name-match,,2026-10-08T18:30:03Z
7290803800003,37,32.607778,35.289722,locality,cbs-name-match,,2026-10-08T18:30:03Z
7290803800003,5,31.797778,34.650278,locality,cbs-name-match,,2026-10-08T18:30:03Z
7290803800003,51,31.525000,34.596944,locality,cbs-name-match,,2026-10-08T18:30:03Z
7290803800003,53,32.183333,34.866667,locality,cbs-name-match,,2026-10-08T18:30:03Z
7290803800003,60,32.496111,35.498889,locality,cbs-name-match,,2026-10-08T18:30:03Z
7290803800003,9,31.416667,34.583333,locality,cbs-name-match,,2026-10-08T18:30:03Z
